label;P;P_set
power output;-111541185.68444262;True
heat output;-107908037.6559691;False
heat input;237773154.49026728;False
