label;P;P_set
power output;-123934650.7604918;False
heat output;-116322205.46990466;False
heat input;261309548.98936585;False
