label;P;P_set
power;4678206.350433281;False
heat;9254771.189181374;False
