label;P;P_set
power;6218643.870520533;False
heat;11819787.461934222;False
