label;P;P_set
power;3432382.2295773933;False
heat;7162299.650925191;False
