label;P;P_set
power;4999999.999999998;True
heat;12039780.788462667;False
