label;P;P_set
power;5298416.794788561;False
heat;10284228.770559574;False
