label;P;P_set
power;4056061.7122029453;False
heat;8214113.938130094;False
