label;P;P_set
power;5914408.911782636;False
heat;11307314.132231962;False
